sale_id,product_id,customer_id,quantity,unit_price,discount_pct,sale_date,payment_mode,shipment_status
1001,115,456,5,270.35,5%,2024-09-01,UPI,Delivered
1002,192,274,3,217.47,10%,2025-03-06,CC,Delivered
1003,174,414,2,333.86,0,2024-09-12,UPI,Pending
1004,109,470,5,256.13,10%,2024-09-25,UPI,Shipped
1005,150,441,1,319.66,10,2025-04-01,CC,Shipped
1006,146,235,3,124.36,5%,2025-02-09,upi,Shipped
1007,199,498,3,71.04,10,2024-12-09,UPI,Pending
1008,183,290,4,490.51,15,2025-03-02,upi,Delivered
1009,118,233,4,23.31,5,2024-10-10,Credit Card,Delivered
1010,106,362,3,260.11,0%,2024-09-25,UPI,Returned
1011,133,219,2,146.62,0%,2025-02-24,Credit Card,Pending
1012,135,264,3,221.29,15,2025-04-18,upi,Returned
1013,150,374,2,250.62,15,2024-08-31,CC,Pending
1014,111,418,1,218.15,0%,2025-04-26,creditcard,Pending
1015,142,253,1,167.32,10,2025-05-09,CC,Returned
1016,178,419,2,346.43,10,2025-03-07,Cash,Shipped
1017,194,381,5,499.08,10,2024-11-09,upi,Shipped
1018,110,408,3,258.98,5%,2024-09-12,upi,Delivered
1019,104,274,5,340.65,15,2024-09-16,Credit Card,Delivered
1020,109,321,3,184.26,10%,2025-04-04,Credit Card,Delivered
1021,187,431,3,189.15,0%,2024-10-18,Credit Card,Delivered
1022,168,388,4,160.62,10,2025-03-14,creditcard,Shipped
1023,104,296,4,261.28,10%,2025-05-16,Credit Card,Pending
1024,200,334,4,111.21,10%,2024-07-30,CC,Returned
1025,126,263,2,427.15,15,2025-02-09,creditcard,Returned
1026,112,364,3,356.22,10%,2025-01-12,UPI,Pending
1027,139,281,2,397.88,10%,2025-02-15,creditcard,Shipped
1028,126,272,2,396.23,0,2024-10-27,CC,Pending
1029,160,483,2,307.91,0,2025-07-06,Credit Card,Pending
1030,151,446,5,208.34,15,2025-06-07,UPI,Shipped
1031,117,363,1,227.74,5%,2024-10-18,UPI,Pending
1032,117,483,5,95.07,5,2025-06-20,Cash,Shipped
1033,116,466,2,155.54,5,2025-03-08,CC,Delivered
1034,145,466,3,423.74,10,2025-07-21,creditcard,Pending
1035,117,356,5,269.07,10%,2025-04-15,upi,Delivered
1036,176,498,2,89.74,10%,2025-06-15,upi,Pending
1037,173,222,1,45.21,5%,2025-02-09,UPI,Pending
1038,184,308,5,211.21,5%,2025-02-25,Credit Card,Returned
1039,181,480,3,322.74,10,2024-08-04,Cash,Delivered
1040,188,408,3,229.5,5%,2024-11-03,Credit Card,Delivered
1041,157,413,4,234.9,10,2025-01-17,UPI,Delivered
1042,141,364,3,487.81,5,2024-11-04,CC,Shipped
1043,141,324,4,65.65,15,2024-09-11,creditcard,Delivered
1044,113,226,3,472.97,0%,2025-03-24,UPI,Returned
1045,132,282,3,467.21,5%,2025-02-11,CC,Delivered
1046,198,282,4,498.0,15,2024-09-08,Cash,Pending
1047,164,212,1,472.89,10%,2025-01-29,Cash,Delivered
1048,128,499,3,29.09,10,2025-06-11,Cash,Returned
1049,137,475,1,424.35,15,2025-01-01,creditcard,Pending
1050,194,388,4,186.14,15,2024-08-21,Credit Card,Delivered
1051,147,484,3,41.4,10%,2024-08-19,Cash,Pending
1052,180,261,2,487.67,15,2025-06-05,CC,Pending
1053,172,388,2,103.53,10%,2025-07-09,Cash,Shipped
1054,106,220,2,358.23,0%,2025-01-06,Cash,Returned
1055,120,464,2,167.34,10%,2025-06-10,CC,Delivered
1056,151,354,5,171.5,0%,2024-08-12,UPI,Returned
1057,191,489,3,240.07,0,2025-05-07,CC,Pending
1058,187,257,4,293.93,0%,2024-09-19,upi,Shipped
1059,177,443,3,483.7,0%,2025-06-26,UPI,Delivered
1060,193,227,5,242.82,10%,2024-10-07,upi,Returned
1061,119,325,1,288.42,5%,2025-04-09,Credit Card,Delivered
1062,103,426,3,212.3,15,2025-04-08,upi,Delivered
1063,153,457,5,460.66,0%,2025-03-07,upi,Shipped
1064,191,271,5,107.63,10,2025-03-11,upi,Returned
1065,168,393,3,478.56,15,2025-04-16,UPI,Pending
1066,170,382,3,306.99,5,2024-10-14,creditcard,Pending
1067,172,353,2,471.04,10,2025-07-10,CC,Delivered
1068,189,451,3,242.5,10%,2025-07-21,upi,Pending
1069,137,263,5,339.93,15,2024-08-25,Cash,Pending
1070,199,275,3,25.82,5%,2025-07-14,Credit Card,Pending
1071,157,332,4,110.92,0%,2024-12-05,UPI,Pending
1072,172,340,2,59.07,5%,2024-10-18,UPI,Delivered
1073,132,226,5,116.71,5,2024-08-27,Credit Card,Shipped
1074,153,370,4,54.77,0%,2025-05-07,creditcard,Shipped
1075,171,281,4,328.18,15,2024-10-16,Cash,Delivered
1076,197,348,3,146.28,0,2024-07-24,Credit Card,Delivered
1077,169,220,2,211.85,0%,2025-04-11,creditcard,Shipped
1078,151,454,2,468.62,0%,2025-02-14,CC,Shipped
1079,102,353,5,303.38,10,2025-05-10,CC,Returned
1080,183,479,5,249.49,5,2024-09-12,UPI,Returned
1081,135,299,1,168.69,5%,2025-01-26,Cash,Pending
1082,192,296,1,369.63,0%,2025-06-02,CC,Delivered
1083,123,408,4,260.06,0,2024-12-05,Cash,Shipped
1084,124,272,4,165.18,5,2025-02-11,Credit Card,Pending
1085,150,321,4,378.11,10,2025-04-29,CC,Shipped
1086,134,385,2,35.75,0,2025-05-30,Cash,Pending
1087,121,408,5,461.94,5%,2024-09-15,CC,Shipped
1088,182,352,3,309.24,5,2024-09-02,creditcard,Returned
1089,120,433,5,189.94,5%,2024-11-15,UPI,Returned
1090,197,476,2,382.12,5%,2025-05-23,UPI,Shipped
1091,168,429,5,353.36,0,2025-05-21,UPI,Shipped
1092,108,481,5,105.07,10%,2025-04-24,creditcard,Delivered
1093,142,467,4,62.54,5,2024-10-10,upi,Returned
1094,112,462,4,405.3,15,2025-01-23,creditcard,Returned
1095,159,489,1,281.6,5%,2024-08-02,CC,Shipped
1096,151,331,1,374.17,10%,2024-12-21,Credit Card,Shipped
1097,155,377,1,272.88,0,2024-08-19,Credit Card,Returned
1098,105,347,4,94.09,5,2024-12-02,upi,Returned
1099,148,396,4,435.46,15,2025-01-10,Cash,Shipped
1100,188,477,2,328.5,10,2024-09-18,Credit Card,Delivered
1101,169,402,5,68.04,5,2024-12-15,Credit Card,Shipped
1102,139,438,5,214.94,15,2025-07-08,creditcard,Delivered
1103,159,378,2,141.45,5%,2025-07-10,Credit Card,Shipped
1104,185,415,5,384.2,0,2024-11-18,creditcard,Delivered
1105,109,252,5,21.62,10%,2025-07-17,upi,Shipped
1106,132,223,4,222.29,10%,2025-04-14,creditcard,Shipped
1107,118,458,3,120.91,5%,2024-11-05,UPI,Pending
1108,174,365,2,154.37,5,2025-04-09,upi,Delivered
1109,153,354,3,35.17,10%,2024-10-30,upi,Delivered
1110,181,419,5,250.33,10,2024-11-12,upi,Returned
1111,999,469,3,349.67,15,2025-01-21,creditcard,Pending
1112,149,295,5,239.39,0%,2025-04-28,creditcard,Pending
1113,191,274,4,457.8,10%,2025-04-10,Cash,Returned
1114,172,472,2,197.27,10,2024-09-23,creditcard,Pending
1115,183,241,4,424.33,0,2025-02-25,UPI,Delivered
1116,107,338,4,338.47,10%,2025-07-14,Credit Card,Shipped
1117,125,888,5,112.42,5,2025-01-04,CC,Pending
1118,102,309,2,481.23,0,2024-12-30,upi,Returned
1119,132,305,4,457.99,10%,2025-05-02,CC,Pending
1120,149,439,5,326.12,10,2025-03-09,CC,Pending
1121,166,455,4,53.81,5%,2025-06-24,Cash,Pending
1122,127,390,3,209.9,10%,2025-03-04,creditcard,Delivered
1123,103,334,5,467.71,10%,2024-07-26,upi,Returned
1124,138,279,2,168.28,15,2025-07-19,UPI,Delivered
1125,164,482,3,132.38,0%,2025-03-07,Cash,Returned
1126,159,287,3,88.79,5%,2025-02-22,UPI,Returned
1127,124,478,1,264.35,0%,2025-03-10,Credit Card,Shipped
1128,198,204,4,73.06,5%,2024-12-29,creditcard,Shipped
1129,191,278,1,113.27,15,2025-05-22,CC,Shipped
1130,180,448,4,12.79,10%,2024-09-25,UPI,Returned
1131,102,209,5,362.49,10%,2025-05-13,CC,Shipped
1132,165,421,2,57.97,0,2025-03-18,UPI,Delivered
1133,131,299,5,265.6,0%,2024-08-02,CC,Pending
1134,151,241,3,479.85,15,2024-11-08,UPI,Delivered
1135,190,316,3,343.6,0%,2025-02-08,Credit Card,Shipped
1136,112,408,4,191.7,15,2024-12-28,Credit Card,Shipped
1137,190,288,1,252.43,15,2025-02-05,upi,Pending
1138,173,249,5,459.98,5,2024-09-20,creditcard,Returned
1139,135,224,1,343.79,10,2024-12-01,UPI,Shipped
1140,123,362,1,480.93,10%,2025-05-22,creditcard,Returned
1141,110,354,2,284.16,10%,2024-11-13,Cash,Pending
1142,150,272,1,252.89,10,2025-03-07,Credit Card,Shipped
1143,156,319,1,173.59,0%,2025-06-01,UPI,Returned
1144,200,368,1,318.89,0%,2025-03-06,Cash,Returned
1145,130,383,5,470.87,15,2025-03-07,creditcard,Returned
1146,111,352,2,357.99,0,2025-05-14,CC,Delivered
1147,149,279,4,161.76,0,2024-09-20,Credit Card,Shipped
1148,140,428,3,381.87,0,2025-05-11,creditcard,Shipped
1149,124,421,4,280.71,10%,2024-12-25,Cash,Shipped
1150,104,246,3,279.34,10%,2024-11-12,UPI,Pending
1151,150,207,3,209.84,0%,2024-08-18,Credit Card,Delivered
1152,174,467,2,344.23,5,2024-09-04,creditcard,Pending
1153,139,338,4,77.24,5,2025-01-20,Cash,Pending
1154,154,354,4,392.42,10,2024-12-08,CC,Delivered
1155,193,454,5,310.25,15,2025-03-02,Credit Card,Delivered
1156,139,204,4,169.45,10%,2025-06-28,Cash,Pending
1157,157,372,4,408.66,0%,2024-09-16,upi,Delivered
1158,139,365,5,473.9,5,2025-06-18,Cash,Pending
1159,123,404,3,149.27,5%,2025-01-30,upi,Returned
1160,174,325,3,191.15,0%,2025-03-23,Cash,Pending
1161,115,489,2,298.15,10%,2025-04-17,creditcard,Shipped
1162,194,437,2,222.04,10,2025-01-02,upi,Shipped
1163,153,456,2,318.5,5,2025-03-29,CC,Delivered
1164,192,417,4,41.61,10%,2025-01-08,Cash,Returned
1165,169,460,4,274.1,0%,2025-05-29,CC,Shipped
1166,114,328,3,87.34,10%,2025-07-11,Credit Card,Returned
1167,197,370,4,57.44,0,2024-07-29,CC,Delivered
1168,166,466,5,292.36,10%,2025-01-27,creditcard,Returned
1169,148,401,4,387.31,10%,2025-06-11,upi,Delivered
1170,145,213,4,56.75,15,2024-10-08,Credit Card,Shipped
1171,194,273,3,159.39,15,2025-02-20,creditcard,Returned
1172,145,444,1,221.89,5%,2025-07-18,Cash,Pending
1173,109,354,1,406.04,0,2024-11-14,Credit Card,Pending
1174,183,256,2,465.31,5%,2024-09-17,creditcard,Delivered
1175,171,282,3,282.13,15,2025-01-18,creditcard,Returned
1176,181,295,2,322.04,15,2025-01-29,Cash,Shipped
1177,195,302,4,298.14,15,2024-12-02,Credit Card,Delivered
1178,127,343,1,290.79,0%,2024-12-17,UPI,Delivered
1179,147,367,2,231.49,10,2024-09-03,upi,Returned
1180,168,361,5,197.38,15,2025-03-22,UPI,Shipped
1181,145,381,4,310.59,0%,2024-11-08,upi,Pending
1182,179,244,2,160.03,5,2025-01-12,CC,Shipped
1183,124,392,2,257.86,15,2025-01-12,UPI,Delivered
1184,174,397,4,96.95,5%,2025-06-08,UPI,Delivered
1185,172,286,4,147.97,5,2024-12-03,CC,Returned
1186,180,228,3,476.16,15,2024-12-26,creditcard,Delivered
1187,150,488,5,328.27,15,2024-12-12,upi,Returned
1188,154,428,4,87.79,10%,2025-01-26,Credit Card,Delivered
1189,138,217,3,116.3,10,2025-02-08,creditcard,Returned
1190,173,454,5,257.85,10%,2025-01-06,Credit Card,Pending
1191,200,479,3,273.31,0%,2025-05-20,Credit Card,Returned
1192,170,312,4,55.7,0%,2024-12-17,upi,Delivered
1193,139,217,4,135.09,0%,2025-02-23,Credit Card,Returned
1194,116,322,2,406.3,10%,2024-08-23,upi,Pending
1195,191,420,2,309.99,0%,2024-09-05,creditcard,Delivered
1196,108,492,3,268.48,10%,2024-09-01,UPI,Delivered
1197,142,350,3,288.5,0%,2025-06-04,UPI,Shipped
1198,118,411,1,496.28,0%,2025-03-08,upi,Delivered
1199,190,268,2,77.39,10,2024-11-23,creditcard,Returned
1200,163,273,5,318.04,5%,2024-09-03,Cash,Returned
1201,158,239,1,204.41,5%,2024-11-10,CC,Pending
1202,159,450,3,293.07,0%,2025-07-05,upi,Shipped
1203,194,435,3,425.8,0%,2025-05-05,UPI,Returned
1204,128,420,2,249.88,10,2024-08-22,CC,Pending
1205,171,496,2,285.24,15,2025-01-31,CC,Shipped
1206,106,251,4,13.06,0%,2025-03-28,creditcard,Returned
1207,159,201,4,105.15,5%,2024-09-11,creditcard,Pending
1208,121,341,1,329.02,10,2024-11-28,Credit Card,Pending
1209,186,285,1,201.19,10,2024-12-25,upi,Delivered
1210,155,247,1,5.54,15,2024-10-04,Credit Card,Delivered
1211,176,316,5,341.59,0,2025-04-14,Credit Card,Pending
1212,116,417,2,241.46,5,2025-07-19,Cash,Shipped
1213,194,253,1,160.11,10,2024-09-08,creditcard,Returned
1214,200,269,2,38.86,10%,2025-02-23,Credit Card,Delivered
1215,157,380,2,315.9,5,2024-08-12,Cash,Returned
1216,128,245,1,74.31,0,2025-02-21,UPI,Returned
1217,145,420,3,396.58,5,2024-08-11,CC,Shipped
1218,132,484,5,302.0,10%,2024-10-11,CC,Shipped
1219,185,355,2,261.29,10%,2024-11-19,creditcard,Returned
1220,138,228,2,249.97,0,2025-04-24,creditcard,Returned
1221,182,237,5,444.92,0,2025-07-17,CC,Pending
1222,117,399,5,213.33,10%,2024-10-08,upi,Delivered
1223,198,442,1,13.26,0,2025-02-19,Credit Card,Pending
1224,128,221,1,474.6,15,2024-12-26,UPI,Pending
1225,181,457,4,214.67,15,2025-06-06,Credit Card,Delivered
1226,136,243,3,44.12,5,2024-09-12,creditcard,Pending
1227,151,888,1,158.53,15,2025-06-29,upi,Delivered
1228,108,326,1,462.69,0,2024-09-22,Cash,Shipped
1229,140,290,1,11.27,5,2024-09-15,upi,Shipped
1230,121,455,3,263.89,0%,2025-03-03,upi,Pending
1231,122,391,2,376.14,0%,2024-11-10,CC,Shipped
1232,199,216,3,404.52,10,2025-02-01,UPI,Shipped
1233,134,496,1,250.59,10%,2024-08-30,CC,Shipped
1234,164,491,2,187.01,10,2025-06-10,Credit Card,Shipped
1235,130,461,1,26.8,0%,2025-02-18,Credit Card,Delivered
1236,106,442,3,194.57,5,2025-04-28,creditcard,Shipped
1237,171,415,2,164.29,15,2024-11-17,upi,Pending
1238,135,240,5,189.54,10%,2025-07-15,upi,Shipped
1239,123,315,5,490.8,15,2024-10-11,Credit Card,Returned
1240,137,360,3,47.76,15,2024-10-06,Credit Card,Pending
1241,126,350,5,393.33,5%,2025-02-21,UPI,Delivered
1242,160,389,5,486.07,0%,2025-04-02,creditcard,Delivered
1243,120,204,4,16.84,10%,2024-11-19,CC,Shipped
1244,143,201,4,425.26,5%,2025-05-29,CC,Shipped
1245,127,472,2,212.81,0,2024-08-21,creditcard,Pending
1246,112,223,2,449.16,10%,2025-05-24,Cash,Pending
1247,159,244,5,52.31,5,2025-01-05,upi,Returned
1248,110,491,1,220.32,5,2025-07-06,creditcard,Pending
1249,134,362,4,351.86,5%,2025-01-19,CC,Pending
1250,158,340,2,41.97,5,2025-05-22,creditcard,Shipped
1251,120,255,2,227.54,10,2024-10-24,Cash,Shipped
1252,169,384,2,228.7,15,2025-02-14,CC,Shipped
1253,112,281,3,414.06,5%,2025-06-23,UPI,Shipped
1254,128,368,2,50.15,5,2025-01-14,CC,Returned
1255,166,226,3,133.78,5,2025-05-09,Credit Card,Returned
1256,158,485,5,128.68,15,2025-06-29,Credit Card,Delivered
1257,116,207,1,416.03,5,2024-08-31,creditcard,Delivered
1258,152,391,1,293.25,10,2024-10-21,Credit Card,Shipped
1259,109,302,4,405.6,0,2025-07-07,CC,Shipped
1260,106,437,1,88.15,10%,2024-11-19,Cash,Returned
1261,164,216,4,343.19,5,2024-10-24,CC,Delivered
1262,124,341,3,225.78,5,2024-09-24,Credit Card,Delivered
1263,183,352,4,208.94,10%,2024-09-09,Cash,Shipped
1264,112,344,4,72.93,5,2025-02-08,upi,Delivered
1265,181,479,1,494.75,0%,2024-11-08,upi,Pending
1266,162,479,4,175.3,10%,2024-11-06,UPI,Pending
1267,150,339,2,17.9,10%,2025-04-05,creditcard,Shipped
1268,200,344,1,405.28,15,2024-10-17,UPI,Pending
1269,199,500,2,487.12,0,2024-11-14,creditcard,Delivered
1270,135,474,1,383.2,5,2025-06-25,UPI,Returned
1271,146,289,2,122.09,10,2025-04-27,upi,Pending
1272,176,215,3,474.04,10%,2025-04-12,creditcard,Delivered
1273,164,478,3,91.9,0,2025-03-26,Credit Card,Shipped
1274,130,313,1,265.59,0,2024-11-15,CC,Delivered
1275,117,375,2,459.8,0%,2025-07-21,CC,Shipped
1276,103,276,5,353.82,5,2024-11-19,Credit Card,Pending
1277,110,392,4,295.08,10,2025-05-21,CC,Pending
1278,118,281,4,396.96,15,2025-01-09,upi,Pending
1279,123,488,5,394.56,5,2025-01-18,upi,Delivered
1280,149,358,3,68.04,5%,2025-03-12,Credit Card,Returned
1281,199,491,1,95.13,10,2025-04-01,UPI,Delivered
1282,182,490,1,468.66,5,2025-07-21,CC,Shipped
1283,131,378,3,88.1,0,2025-03-31,upi,Pending
1284,158,206,3,108.79,5%,2024-12-26,Credit Card,Pending
1285,133,256,1,28.83,15,2024-08-15,upi,Returned
1286,122,412,4,441.48,10,2024-12-12,UPI,Returned
1287,113,446,5,327.23,5%,2025-04-25,creditcard,Delivered
1288,158,238,1,150.98,10,2025-06-23,CC,Shipped
1289,110,376,2,444.53,5,2024-12-24,upi,Shipped
1290,171,248,3,299.05,10%,2024-12-28,Cash,Shipped
1291,156,285,5,445.43,5,2024-12-12,Credit Card,Shipped
1292,143,306,2,207.59,10%,2025-02-28,upi,Pending
1293,185,345,3,122.59,0,2024-11-27,Cash,Returned
1294,120,228,3,6.89,0,2024-11-15,CC,Returned
1295,126,250,1,107.44,5%,2025-07-09,CC,Shipped
1296,161,260,3,393.51,15,2025-07-19,Cash,Pending
1297,112,479,4,96.52,15,2025-04-05,CC,Delivered
1298,158,223,3,222.67,10,2024-10-27,creditcard,Pending
1299,173,232,2,377.36,5%,2024-09-21,Credit Card,Shipped
1300,186,377,5,209.92,0%,2025-02-25,UPI,Delivered
1301,171,232,4,410.11,15,2025-03-20,UPI,Returned
1302,174,321,4,152.93,15,2024-11-08,upi,Shipped
1303,165,493,5,401.22,5%,2025-01-13,UPI,Delivered
1304,116,430,2,474.79,5,2025-07-20,creditcard,Delivered
1305,117,222,4,43.79,5%,2024-11-27,Cash,Delivered
1306,181,276,5,132.65,5%,2025-06-03,Credit Card,Shipped
1307,150,485,4,278.27,0%,2024-12-11,CC,Returned
1308,102,888,5,391.93,0,2025-03-07,Cash,Delivered
1309,119,491,5,293.43,0,2025-04-27,Credit Card,Shipped
1310,999,347,5,440.67,15,2024-10-15,CC,Returned
1311,184,449,5,306.44,0,2024-09-24,creditcard,Pending
1312,152,274,5,306.28,5%,2025-07-22,Cash,Shipped
1313,151,370,2,29.4,15,2024-07-25,CC,Pending
1314,103,373,3,158.92,0%,2025-06-16,Cash,Shipped
1315,130,269,3,487.24,15,2024-08-10,CC,Pending
1316,194,414,5,324.55,5,2025-07-01,Cash,Delivered
1317,153,449,5,434.26,0%,2025-01-21,Credit Card,Delivered
1318,109,360,5,204.68,0%,2025-03-28,UPI,Shipped
1319,123,299,2,419.3,5,2025-01-27,Credit Card,Returned
1320,107,385,2,140.62,0%,2025-01-06,Cash,Returned
1321,182,264,1,124.76,15,2024-07-29,UPI,Returned
1322,123,443,5,277.91,10,2025-03-01,creditcard,Pending
1323,196,247,3,18.59,0,2025-02-12,creditcard,Delivered
1324,129,316,2,138.2,15,2024-11-03,UPI,Shipped
1325,200,205,4,456.2,5%,2025-07-05,creditcard,Shipped
1326,129,330,5,403.52,10,2025-07-02,upi,Pending
1327,155,393,3,232.2,5,2025-06-29,Cash,Pending
1328,187,467,5,201.59,0,2025-06-18,Credit Card,Pending
1329,172,345,3,343.78,15,2024-10-11,Credit Card,Pending
1330,136,367,3,134.27,5%,2024-11-19,upi,Pending
1331,125,277,5,383.91,0,2025-07-17,UPI,Returned
1332,185,364,2,362.04,5%,2025-02-02,Cash,Pending
1333,134,415,4,197.2,0,2024-11-06,UPI,Delivered
1334,144,314,5,320.97,15,2025-03-14,upi,Pending
1335,165,354,2,421.12,10%,2025-03-12,creditcard,Pending
1336,113,442,2,371.75,5%,2024-11-03,UPI,Delivered
1337,188,372,1,115.02,5,2024-10-04,upi,Pending
1338,154,370,3,133.98,10,2025-05-30,Cash,Shipped
1339,161,228,5,292.25,10%,2024-10-18,Credit Card,Returned
1340,125,457,1,434.41,15,2025-07-22,UPI,Pending
1341,153,228,2,73.0,5,2025-02-14,CC,Returned
1342,173,435,2,161.61,5%,2025-05-14,creditcard,Shipped
1343,163,371,2,160.14,0,2024-08-30,Credit Card,Returned
1344,136,308,2,290.26,5,2025-01-11,Cash,Shipped
1345,117,423,4,204.68,15,2025-02-17,Cash,Shipped
1346,105,474,2,366.68,0,2024-09-16,CC,Delivered
1347,103,203,2,117.0,10,2024-11-27,CC,Delivered
1348,114,397,5,296.39,5,2024-08-07,Credit Card,Shipped
1349,139,349,4,365.28,10%,2024-09-15,UPI,Pending
1350,156,269,3,498.09,15,2025-01-17,CC,Delivered
1351,122,407,1,118.07,5%,2025-01-31,creditcard,Delivered
1352,194,212,5,254.79,0,2025-05-12,CC,Shipped
1353,149,331,5,313.45,10%,2025-04-28,Credit Card,Shipped
1354,184,211,1,346.43,15,2024-09-20,Cash,Returned
1355,116,481,3,239.83,5,2025-01-13,creditcard,Shipped
1356,139,416,1,332.93,10,2024-08-04,UPI,Delivered
1357,154,254,5,360.79,0,2024-11-15,CC,Shipped
1358,999,255,4,103.33,5,2025-02-10,CC,Delivered
1359,146,410,3,84.38,10%,2024-08-30,Cash,Delivered
1360,189,447,3,121.08,0,2025-01-05,upi,Shipped
1361,115,494,4,78.83,0,2025-03-20,UPI,Shipped
1362,193,252,3,323.95,15,2024-09-11,CC,Pending
1363,160,226,1,407.52,0%,2024-10-20,Credit Card,Pending
1364,147,361,4,370.58,0,2025-03-09,Credit Card,Shipped
1365,118,288,3,181.98,15,2024-11-28,UPI,Pending
1366,194,248,3,408.41,5,2025-05-31,Credit Card,Returned
1367,152,434,3,418.68,5%,2024-12-05,Cash,Returned
1368,184,286,1,70.59,5%,2025-07-04,Credit Card,Delivered
1369,114,414,5,243.92,10%,2024-11-30,upi,Returned
1370,124,395,3,307.62,0%,2025-07-20,upi,Delivered
1371,162,450,1,444.36,15,2024-12-06,Credit Card,Shipped
1372,134,361,1,353.76,5%,2024-08-04,UPI,Delivered
1373,186,374,5,263.94,5%,2024-09-07,UPI,Shipped
1374,156,328,4,176.15,5%,2025-03-07,upi,Returned
1375,120,486,5,32.01,5%,2024-08-20,creditcard,Returned
1376,164,285,1,376.96,10,2024-11-12,creditcard,Pending
1377,136,226,5,115.24,5%,2025-05-21,Cash,Returned
1378,131,241,4,224.87,10%,2024-08-10,Cash,Shipped
1379,164,429,3,63.76,15,2025-03-27,upi,Shipped
1380,114,407,4,22.74,10%,2025-02-05,Credit Card,Shipped
1381,178,356,5,283.35,5%,2025-05-23,upi,Returned
1382,144,387,1,409.21,0%,2025-01-04,Cash,Pending
1383,172,443,3,359.38,0,2025-04-30,Credit Card,Delivered
1384,101,375,3,415.79,0%,2025-07-03,CC,Pending
1385,190,255,1,448.95,15,2025-03-02,creditcard,Returned
1386,114,331,5,101.98,0,2024-12-29,Cash,Delivered
1387,159,298,3,58.34,15,2025-01-24,Credit Card,Shipped
1388,199,431,4,330.94,10%,2025-05-14,creditcard,Returned
1389,101,472,1,278.85,15,2025-02-20,UPI,Returned
1390,166,291,5,90.96,0%,2024-12-30,creditcard,Shipped
1391,150,365,5,441.29,15,2025-04-28,UPI,Delivered
1392,136,404,3,485.39,15,2024-12-17,creditcard,Delivered
1393,153,463,3,422.32,10%,2025-06-09,CC,Delivered
1394,126,308,5,358.62,5%,2024-07-25,CC,Delivered
1395,191,292,5,273.53,5%,2025-01-03,CC,Shipped
1396,198,381,5,242.78,10%,2024-09-16,upi,Returned
1397,187,474,3,439.35,15,2025-03-11,Credit Card,Shipped
1398,104,396,2,31.27,0,2025-02-16,creditcard,Pending
1399,197,283,3,343.28,5,2024-10-17,Credit Card,Pending
1400,127,478,1,182.55,15,2024-11-08,Credit Card,Delivered
1401,196,488,4,122.61,0%,2024-11-05,upi,Pending
1402,189,225,4,196.84,0%,2025-05-06,upi,Pending
1403,171,228,1,373.12,5,2024-09-13,UPI,Returned
1404,129,389,5,275.57,10%,2025-02-11,creditcard,Delivered
1405,138,430,2,491.81,0,2025-04-13,creditcard,Delivered
1406,195,464,1,191.71,15,2025-05-28,CC,Pending
1407,117,283,5,423.78,0,2024-11-17,CC,Returned
1408,191,280,1,81.08,10,2024-11-29,UPI,Shipped
1409,200,355,4,396.0,10%,2025-05-13,CC,Shipped
1410,999,363,5,113.88,5,2024-07-26,UPI,Shipped
1411,999,459,2,210.89,10%,2025-04-16,Cash,Shipped
1412,145,314,2,333.35,10,2025-07-06,CC,Pending
1413,128,472,4,498.33,0%,2024-09-29,upi,Shipped
1414,115,378,4,123.97,5%,2025-07-01,UPI,Delivered
1415,106,365,4,458.39,0,2025-01-07,Cash,Pending
1416,170,345,1,456.11,0%,2024-09-08,CC,Returned
1417,163,223,3,449.65,5,2025-01-22,CC,Shipped
1418,113,286,5,268.94,5%,2025-06-12,Credit Card,Delivered
1419,186,310,4,418.65,5,2024-10-16,UPI,Returned
1420,183,237,2,16.76,5%,2025-05-13,CC,Shipped
1421,112,238,1,93.11,10,2024-10-21,UPI,Shipped
1422,174,317,3,206.78,15,2025-01-28,upi,Returned
1423,156,362,1,197.8,0,2024-12-14,UPI,Shipped
1424,183,233,5,27.53,0%,2025-05-23,Credit Card,Pending
1425,165,255,3,394.51,10,2024-10-11,UPI,Shipped
1426,137,425,4,200.58,5%,2025-02-04,Credit Card,Returned
1427,121,474,2,72.51,15,2025-02-12,UPI,Pending
1428,182,274,3,340.26,0%,2024-10-29,upi,Pending
1429,102,484,5,74.98,0,2025-02-21,Credit Card,Returned
1430,169,481,1,155.82,5%,2025-05-22,upi,Pending
1431,128,412,5,75.52,5,2024-12-15,creditcard,Pending
1432,125,259,2,337.13,10%,2025-03-30,Credit Card,Returned
1433,183,482,1,148.87,0,2025-01-16,CC,Shipped
1434,126,498,4,476.01,10,2025-05-05,creditcard,Delivered
1435,113,346,5,39.56,5,2025-05-13,CC,Returned
1436,158,369,5,331.41,5%,2024-09-27,UPI,Delivered
1437,173,491,3,404.81,15,2025-02-13,creditcard,Shipped
1438,141,327,2,357.54,5%,2024-08-03,Cash,Pending
1439,147,269,3,439.55,15,2025-01-28,Cash,Pending
1440,200,357,4,278.08,5,2024-09-03,upi,Shipped
1441,136,272,5,102.23,5%,2025-04-29,upi,Shipped
1442,194,239,1,425.55,5%,2025-04-18,Credit Card,Returned
1443,199,309,1,278.04,10%,2025-03-14,UPI,Returned
1444,184,277,3,199.29,0%,2024-09-13,UPI,Pending
1445,118,438,5,257.65,15,2024-08-02,CC,Shipped
1446,185,323,5,343.66,0%,2025-07-03,UPI,Delivered
1447,158,282,2,285.35,10%,2025-02-23,upi,Delivered
1448,195,448,3,25.01,0%,2025-02-11,Cash,Delivered
1449,109,336,3,120.84,5%,2025-01-17,creditcard,Pending
1450,150,441,4,441.37,0,2025-05-23,upi,Pending
1451,114,467,3,418.26,10,2025-01-28,UPI,Delivered
1452,149,394,3,295.9,0%,2024-10-21,Credit Card,Pending
1453,149,315,5,205.89,0%,2024-08-19,CC,Returned
1454,162,204,5,441.61,15,2024-08-24,creditcard,Delivered
1455,110,464,3,109.7,5,2024-12-12,creditcard,Pending
1456,178,261,2,210.23,10,2024-12-26,upi,Shipped
1457,162,446,4,109.3,5,2025-01-21,upi,Returned
1458,103,325,1,68.3,10%,2024-09-09,creditcard,Delivered
1459,181,463,1,445.94,5,2025-02-20,Credit Card,Delivered
1460,134,293,5,479.33,10%,2025-05-27,UPI,Shipped
1461,193,346,1,112.21,10%,2024-08-07,Cash,Returned
1462,122,313,4,302.42,0%,2024-10-03,UPI,Delivered
1463,180,462,3,88.02,5%,2025-05-23,CC,Returned
1464,177,236,2,192.21,5,2024-09-11,Credit Card,Shipped
1465,126,468,5,343.76,0%,2024-09-13,creditcard,Shipped
1466,123,444,5,301.91,0%,2025-02-08,UPI,Shipped
1467,112,447,2,451.48,10%,2025-05-27,Credit Card,Returned
1468,167,416,3,438.04,5%,2025-02-03,UPI,Returned
1469,130,447,4,178.51,0%,2025-03-05,upi,Shipped
1470,155,269,3,241.18,5,2025-01-23,Credit Card,Pending
1471,177,479,4,132.61,0,2024-10-04,upi,Shipped
1472,174,468,1,262.28,15,2024-10-10,upi,Delivered
1473,189,362,4,184.32,5,2024-08-30,Cash,Pending
1474,134,475,4,284.51,10%,2025-05-26,CC,Returned
1475,197,305,4,278.29,10%,2024-12-20,Cash,Delivered
1476,148,487,5,244.46,10,2025-05-12,UPI,Pending
1477,200,404,2,428.22,5%,2025-01-09,Credit Card,Delivered
1478,158,283,1,111.16,15,2025-05-22,CC,Shipped
1479,121,400,1,403.16,0%,2025-04-01,creditcard,Returned
1480,177,423,1,36.72,5,2025-05-28,CC,Shipped
1481,178,220,4,465.69,15,2024-09-19,UPI,Pending
1482,192,230,2,321.94,15,2025-04-11,Credit Card,Delivered
1483,185,466,3,101.4,0%,2024-11-01,UPI,Delivered
1484,179,287,1,183.07,5%,2025-06-17,Credit Card,Delivered
1485,112,342,4,179.8,15,2025-01-28,Cash,Delivered
1486,167,208,1,459.99,10%,2024-11-07,CC,Pending
1487,145,342,2,305.15,5,2024-11-08,Cash,Returned
1488,174,203,3,91.64,10%,2025-06-22,Credit Card,Shipped
1489,165,351,3,473.77,0%,2025-02-05,UPI,Pending
1490,169,495,3,348.62,15,2025-04-13,UPI,Returned
1491,199,325,3,480.81,15,2025-05-12,upi,Returned
1492,176,215,4,62.55,0,2024-07-29,Cash,Delivered
1493,187,318,3,209.15,10,2025-03-05,UPI,Shipped
1494,190,335,2,147.21,15,2025-05-21,upi,Pending
1495,110,484,2,240.89,10,2024-09-07,creditcard,Pending
1496,124,298,4,369.87,5,2024-10-16,upi,Delivered
1497,134,306,2,105.37,5,2024-10-25,UPI,Pending
1498,120,255,1,460.49,5%,2024-08-25,upi,Returned
1499,179,204,5,479.21,0%,2024-09-29,Cash,Pending
1500,180,362,4,449.57,10%,2025-03-19,CC,Returned
1501,124,462,3,201.95,0%,2024-10-20,UPI,Delivered
1502,107,470,4,241.77,10%,2024-10-21,Credit Card,Pending
1503,151,290,4,488.37,5%,2024-12-08,UPI,Returned
1504,141,205,1,338.68,15,2024-11-04,UPI,Shipped
1505,142,386,5,431.61,5,2025-04-06,UPI,Pending
1506,131,338,4,479.47,10,2024-09-13,CC,Delivered
1507,164,418,2,212.45,0%,2024-07-30,CC,Pending
1508,152,344,4,94.05,5,2024-12-30,UPI,Delivered
1509,113,339,2,279.89,0%,2024-11-22,Cash,Delivered
1510,119,277,4,403.81,5,2024-11-04,Cash,Returned
1511,118,465,5,361.68,0%,2025-05-20,Cash,Pending
1512,133,488,5,28.62,0,2025-04-17,upi,Delivered
1513,108,311,3,240.89,5%,2025-05-27,Credit Card,Returned
1514,196,372,3,183.68,10%,2024-08-17,UPI,Pending
1515,145,211,4,65.01,0%,2024-08-25,upi,Delivered
1516,174,495,5,91.4,0%,2024-08-11,CC,Pending
1517,142,462,4,388.5,15,2025-03-28,Credit Card,Returned
1518,179,347,4,317.7,5,2024-08-12,creditcard,Pending
1519,154,493,4,425.21,0,2025-01-03,Credit Card,Delivered
1520,144,317,3,161.85,10,2024-12-20,upi,Pending
1521,178,403,3,444.41,0%,2024-08-02,CC,Returned
1522,153,286,2,427.83,5,2024-10-25,upi,Delivered
1523,185,329,1,109.23,15,2024-09-16,Credit Card,Shipped
1524,109,443,5,31.64,0%,2024-09-03,Cash,Shipped
1525,114,335,5,81.86,5%,2024-12-16,Cash,Pending
1526,130,327,3,224.36,5,2025-01-21,creditcard,Delivered
1527,104,218,3,430.88,10,2025-03-04,Cash,Returned
1528,170,340,5,225.2,5%,2024-09-12,UPI,Delivered
1529,176,434,5,220.31,5%,2025-04-12,upi,Pending
1530,145,447,5,117.43,0,2025-05-23,Cash,Pending
1531,147,412,3,82.08,0,2025-04-17,Credit Card,Delivered
1532,145,347,4,269.87,5%,2025-07-22,Cash,Returned
1533,139,205,4,399.99,10%,2025-05-25,creditcard,Shipped
1534,171,392,2,208.81,10%,2024-12-18,Cash,Returned
1535,132,284,4,415.07,5,2024-07-25,CC,Shipped
1536,155,323,5,383.45,10%,2024-09-18,upi,Pending
1537,137,473,3,209.39,0%,2025-03-28,Credit Card,Delivered
1538,118,349,1,320.26,10%,2024-10-11,Cash,Pending
1539,190,452,2,163.72,5,2024-11-01,Credit Card,Shipped
1540,124,253,3,138.25,5%,2024-12-23,Cash,Shipped
1541,130,247,2,12.29,5,2025-01-06,CC,Returned
1542,140,456,3,234.52,0%,2025-04-25,Credit Card,Pending
1543,111,275,1,136.92,15,2024-09-03,Credit Card,Returned
1544,124,299,3,409.54,0%,2025-04-18,Credit Card,Shipped
1545,199,328,4,386.76,15,2025-02-27,creditcard,Shipped
1546,126,436,1,262.96,5,2024-12-15,Cash,Returned
1547,188,360,3,83.51,5%,2025-04-14,Credit Card,Shipped
1548,133,447,3,103.37,0,2024-12-29,upi,Delivered
1549,115,321,4,165.63,5,2024-09-21,CC,Shipped
1550,151,325,1,484.57,10%,2024-09-14,upi,Returned
1551,189,280,3,386.54,5,2025-06-19,creditcard,Returned
1552,112,374,1,34.59,5%,2024-08-06,creditcard,Shipped
1553,117,450,2,161.79,10%,2025-06-08,upi,Pending
1554,157,299,1,346.18,10,2024-12-24,upi,Delivered
1555,133,221,4,354.78,10%,2025-05-18,CC,Returned
1556,125,491,2,274.09,10,2025-07-14,upi,Returned
1557,136,484,2,39.09,5,2024-11-29,Cash,Pending
1558,134,478,3,229.77,0%,2025-06-20,upi,Returned
1559,194,295,1,311.77,10,2025-04-30,UPI,Delivered
1560,142,233,5,410.43,5,2024-08-08,UPI,Returned
1561,199,483,2,308.45,10,2025-07-11,Cash,Pending
1562,115,250,5,331.15,0,2025-05-24,creditcard,Delivered
1563,105,304,1,245.26,0,2025-07-01,Credit Card,Returned
1564,185,451,5,313.87,10%,2024-10-21,CC,Shipped
1565,147,314,5,360.33,0,2025-06-30,creditcard,Returned
1566,111,440,1,183.66,5%,2024-12-05,Cash,Pending
1567,191,230,5,136.58,0,2025-03-27,upi,Shipped
1568,139,240,2,480.49,0,2025-01-20,Credit Card,Delivered
1569,169,398,2,100.59,5%,2024-12-28,creditcard,Delivered
1570,172,486,4,374.32,0%,2025-05-01,upi,Pending
1571,187,435,4,442.0,5,2024-11-27,creditcard,Returned
1572,165,373,2,269.28,10%,2025-05-09,Cash,Pending
1573,141,482,3,423.2,15,2024-10-16,upi,Returned
1574,193,366,5,124.16,10%,2024-08-03,creditcard,Returned
1575,199,482,3,183.2,15,2025-05-31,Cash,Returned
1576,101,218,3,299.9,10%,2025-02-26,creditcard,Pending
1577,101,354,2,111.34,10,2024-09-16,Credit Card,Pending
1578,171,462,5,287.48,10%,2025-03-21,creditcard,Shipped
1579,105,436,3,82.27,10,2024-12-25,CC,Delivered
1580,130,332,3,50.49,15,2024-11-16,UPI,Delivered
1581,194,240,3,397.49,5,2024-10-04,Cash,Shipped
1582,177,354,1,366.74,10%,2025-04-10,Cash,Shipped
1583,200,229,3,177.23,0%,2024-11-28,Cash,Returned
1584,116,317,5,464.68,5%,2024-08-02,upi,Returned
1585,107,357,5,25.39,10%,2025-01-09,UPI,Delivered
1586,142,458,2,80.83,5%,2025-01-28,upi,Returned
1587,158,495,5,49.59,15,2025-01-20,CC,Returned
1588,119,268,3,45.86,10%,2025-06-16,upi,Shipped
1589,171,405,3,47.11,10%,2025-05-14,Cash,Delivered
1590,198,270,4,281.85,15,2025-05-15,Cash,Delivered
1591,172,469,2,124.95,10,2025-04-30,Cash,Pending
1592,188,495,1,60.7,15,2025-01-12,Cash,Pending
1593,145,298,3,175.54,5%,2024-11-10,Credit Card,Pending
1594,122,380,5,411.68,0%,2025-04-09,Cash,Delivered
1595,157,223,2,103.84,10,2025-01-07,creditcard,Shipped
1596,115,228,2,474.73,5,2025-04-24,CC,Shipped
1597,144,257,3,227.78,0,2025-05-01,CC,Delivered
1598,195,476,2,105.88,10%,2025-06-25,CC,Returned
1599,180,273,1,191.42,5%,2025-03-25,UPI,Shipped
1600,133,288,1,145.59,0%,2025-04-14,upi,Pending
1601,107,439,1,37.97,5%,2025-05-23,CC,Pending
1602,114,210,3,434.37,5%,2025-02-05,Cash,Delivered
1603,149,461,1,452.42,15,2025-04-29,UPI,Shipped
1604,124,302,5,483.56,10%,2024-12-25,upi,Shipped
1605,106,327,5,155.94,15,2025-06-01,Cash,Delivered
1606,103,378,3,180.91,10,2025-01-27,creditcard,Pending
1607,108,332,4,445.75,0%,2025-07-21,Credit Card,Pending
1608,129,278,3,449.1,5%,2024-11-06,creditcard,Shipped
1609,194,396,5,480.5,10%,2025-03-11,upi,Delivered
1610,154,324,5,80.61,10,2025-03-18,UPI,Pending
1611,158,478,2,107.34,5,2024-10-10,UPI,Delivered
1612,118,359,5,455.23,15,2025-04-07,creditcard,Delivered
1613,141,235,5,268.82,5%,2024-10-29,Credit Card,Delivered
1614,141,275,1,383.89,15,2024-11-30,Cash,Pending
1615,157,341,2,390.66,0,2024-12-07,creditcard,Delivered
1616,104,337,5,285.69,5,2025-01-21,UPI,Delivered
1617,130,214,3,44.34,0%,2025-02-20,Cash,Delivered
1618,165,441,3,96.07,15,2025-05-31,Cash,Returned
1619,118,284,2,117.01,15,2025-04-12,Credit Card,Pending
1620,153,314,2,380.1,0,2025-04-25,creditcard,Returned
1621,179,451,3,434.05,5,2024-10-09,Cash,Returned
1622,200,222,5,368.99,15,2025-03-18,upi,Pending
1623,151,493,5,270.4,5%,2025-05-07,upi,Shipped
1624,167,256,4,231.17,0,2025-06-27,creditcard,Returned
1625,195,221,5,196.76,0%,2025-07-06,upi,Shipped
1626,125,350,4,202.03,10,2025-03-11,CC,Returned
1627,122,417,3,308.5,0,2024-08-09,upi,Delivered
1628,160,432,1,362.71,0,2024-11-22,creditcard,Delivered
1629,151,412,3,228.19,5,2025-02-26,Cash,Delivered
1630,159,247,3,165.42,5%,2024-12-12,upi,Delivered
1631,192,264,1,61.51,15,2025-07-18,upi,Pending
1632,111,469,4,364.8,10%,2024-11-21,UPI,Delivered
1633,149,482,4,26.73,5,2025-06-19,CC,Delivered
1634,121,275,2,385.73,0,2025-06-11,Cash,Pending
1635,140,429,3,315.09,0,2025-07-02,creditcard,Delivered
1636,101,330,1,232.03,0%,2025-05-12,Cash,Shipped
1637,178,453,2,112.35,5%,2025-04-18,Cash,Returned
1638,153,427,1,302.6,0,2024-09-22,creditcard,Pending
1639,180,486,2,29.21,5,2025-05-10,Credit Card,Pending
1640,105,275,1,335.16,0%,2025-05-03,UPI,Pending
1641,143,245,1,58.9,5,2025-02-15,creditcard,Pending
1642,179,494,5,92.82,15,2025-06-27,upi,Pending
1643,105,248,3,164.8,15,2024-11-08,Credit Card,Returned
1644,171,234,3,238.05,0,2024-08-02,upi,Pending
1645,143,470,4,264.7,5%,2024-10-22,creditcard,Shipped
1646,114,493,5,493.66,15,2025-02-18,upi,Pending
1647,155,363,3,265.07,10%,2025-02-18,CC,Delivered
1648,179,489,4,262.25,5%,2024-11-01,Cash,Returned
1649,124,320,3,489.73,0,2024-10-06,Credit Card,Shipped
1650,160,261,2,400.78,15,2024-12-16,Cash,Shipped
1651,143,380,5,403.99,5,2025-01-21,Credit Card,Delivered
1652,189,345,3,396.15,10,2025-05-10,CC,Pending
1653,199,204,1,344.49,10,2024-09-11,Cash,Shipped
1654,123,300,3,417.74,5%,2025-05-06,Cash,Returned
1655,105,270,4,81.92,15,2025-05-31,UPI,Pending
1656,160,412,1,418.38,10,2025-07-20,UPI,Pending
1657,172,475,1,108.09,5%,2024-09-03,CC,Pending
1658,109,277,3,421.17,10,2025-04-18,Cash,Delivered
1659,174,400,2,299.62,0%,2025-04-09,CC,Pending
1660,191,217,3,209.87,15,2025-05-31,creditcard,Pending
1661,158,355,2,264.92,5,2024-12-07,Credit Card,Pending
1662,999,220,2,457.11,15,2025-07-03,UPI,Shipped
1663,162,457,2,99.15,15,2025-07-21,upi,Pending
1664,200,368,2,385.89,0,2024-11-20,UPI,Delivered
1665,127,219,4,196.86,0%,2024-08-25,UPI,Shipped
1666,101,360,1,345.09,10%,2025-05-26,Credit Card,Pending
1667,160,224,1,262.69,5%,2025-06-02,upi,Pending
1668,103,496,3,321.23,5,2024-12-20,CC,Delivered
1669,125,347,3,268.48,0%,2024-09-15,Cash,Shipped
1670,135,277,2,140.45,0,2024-12-07,UPI,Shipped
1671,127,478,3,276.94,10,2024-10-05,creditcard,Pending
1672,174,326,2,40.27,10%,2024-09-11,CC,Returned
1673,107,267,1,238.01,5%,2024-12-17,Credit Card,Shipped
1674,150,228,1,216.1,5,2025-04-05,upi,Returned
1675,179,383,3,169.5,5,2024-11-05,upi,Shipped
1676,197,439,5,70.24,0%,2025-03-10,upi,Returned
1677,113,434,3,343.82,5%,2025-03-21,Cash,Returned
1678,130,315,2,431.24,10%,2025-04-24,CC,Pending
1679,151,294,3,395.45,10,2025-02-12,Cash,Returned
1680,104,234,4,60.88,15,2025-01-19,Cash,Delivered
1681,137,379,5,289.47,10%,2024-12-14,Credit Card,Returned
1682,192,255,3,280.29,0,2025-01-03,CC,Returned
1683,152,412,2,312.33,10%,2024-09-21,creditcard,Returned
1684,150,234,3,108.08,5%,2024-12-14,UPI,Returned
1685,999,423,5,394.73,10%,2024-07-22,upi,Delivered
1686,123,240,5,419.19,0,2025-04-30,UPI,Returned
1687,142,485,1,411.9,5,2024-09-28,CC,Returned
1688,109,256,5,386.81,15,2025-03-21,CC,Returned
1689,183,232,1,112.72,5,2025-04-11,UPI,Shipped
1690,197,276,2,229.22,10,2024-12-06,Cash,Returned
1691,126,306,3,153.37,0%,2025-04-29,upi,Pending
1692,156,377,1,293.45,10%,2025-05-22,UPI,Returned
1693,117,351,1,187.77,10%,2025-06-18,Credit Card,Shipped
1694,191,487,3,59.3,10,2025-06-12,Credit Card,Delivered
1695,156,402,3,357.33,15,2024-12-20,Cash,Returned
1696,170,309,2,240.06,5,2025-03-22,UPI,Returned
1697,147,414,2,147.79,0%,2024-09-29,upi,Delivered
1698,118,206,1,325.95,5,2024-09-06,upi,Returned
1699,185,424,2,46.91,5%,2025-04-01,Cash,Returned
1700,999,418,5,94.0,10%,2025-06-23,Cash,Returned
1701,150,382,2,96.97,10%,2025-01-31,Credit Card,Returned
1702,194,322,5,138.28,10%,2024-12-22,UPI,Pending
1703,105,220,5,244.22,10,2025-02-13,Credit Card,Returned
1704,189,241,2,366.44,10%,2024-12-07,CC,Returned
1705,167,241,5,445.51,0,2025-06-18,creditcard,Returned
1706,181,240,5,400.06,10,2024-10-17,UPI,Shipped
1707,144,474,1,237.09,10%,2024-08-18,Cash,Pending
1708,154,381,3,148.16,0,2024-12-22,upi,Pending
1709,194,489,3,35.4,15,2025-03-08,UPI,Delivered
1710,174,227,3,405.4,10%,2024-08-23,Credit Card,Pending
1711,163,243,2,255.27,0%,2025-02-07,CC,Pending
1712,117,344,3,429.64,0,2025-01-06,upi,Shipped
1713,178,290,5,370.79,5%,2024-09-18,Cash,Pending
1714,123,334,2,245.03,0%,2025-06-04,UPI,Shipped
1715,144,244,2,299.79,0%,2024-09-13,creditcard,Returned
1716,197,412,4,122.78,15,2024-10-20,upi,Delivered
1717,127,496,3,31.89,10,2025-06-09,Credit Card,Shipped
1718,122,438,4,240.73,15,2024-12-14,upi,Delivered
1719,149,400,4,135.0,10%,2024-12-15,Cash,Shipped
1720,137,430,4,340.85,10%,2025-07-05,upi,Shipped
1721,113,473,3,478.31,15,2025-04-17,UPI,Pending
1722,143,339,3,402.15,10,2025-04-18,upi,Returned
1723,160,324,5,386.4,10%,2024-08-20,CC,Delivered
1724,141,481,1,338.04,0%,2024-11-24,Credit Card,Shipped
1725,153,251,5,56.43,15,2024-11-02,CC,Delivered
1726,193,346,3,100.57,0,2025-01-30,UPI,Shipped
1727,108,312,5,320.85,5%,2025-01-06,Credit Card,Shipped
1728,178,267,4,329.92,5%,2025-06-12,UPI,Delivered
1729,115,295,3,150.81,5%,2024-08-06,Credit Card,Returned
1730,136,419,3,132.38,0%,2025-06-27,Credit Card,Pending
1731,200,232,4,197.35,0,2025-07-09,CC,Pending
1732,123,426,1,248.4,5,2024-11-15,UPI,Returned
1733,123,452,1,76.22,0%,2025-05-05,Cash,Delivered
1734,179,255,4,359.12,0,2025-05-05,Credit Card,Shipped
1735,110,493,3,389.73,0,2025-06-02,Cash,Delivered
1736,184,201,1,333.98,10,2025-06-12,creditcard,Pending
1737,151,495,1,260.11,0%,2024-08-02,Cash,Returned
1738,156,407,1,272.36,0,2025-07-08,Cash,Returned
1739,116,491,5,467.85,10,2025-06-12,CC,Pending
1740,152,229,1,185.85,0%,2025-01-30,CC,Shipped
1741,159,349,2,92.43,0,2025-01-18,Cash,Delivered
1742,139,400,1,317.16,10,2025-01-04,Cash,Shipped
1743,181,425,2,74.27,5,2024-09-19,Credit Card,Delivered
1744,163,400,1,397.41,5%,2025-07-22,CC,Returned
1745,169,431,1,23.34,0,2025-05-28,CC,Shipped
1746,152,261,2,404.52,5%,2025-07-05,UPI,Returned
1747,187,475,2,371.82,5,2025-05-20,Credit Card,Shipped
1748,195,273,4,328.65,15,2024-09-24,UPI,Shipped
1749,132,267,1,90.26,0,2025-03-02,CC,Shipped
1750,159,288,5,36.66,0%,2024-10-28,Credit Card,Shipped
1751,164,313,1,403.2,15,2024-08-21,CC,Returned
1752,142,262,5,275.21,10,2025-03-05,creditcard,Shipped
1753,176,289,3,36.29,10,2024-11-27,creditcard,Returned
1754,122,390,5,86.68,5,2025-07-06,UPI,Shipped
1755,118,252,5,191.18,5,2025-05-09,Credit Card,Returned
1756,111,204,1,93.81,0,2025-02-14,upi,Pending
1757,154,444,2,107.05,5%,2024-10-27,CC,Returned
1758,153,323,2,307.22,0,2025-06-19,UPI,Delivered
1759,192,456,5,475.4,5%,2024-08-12,CC,Pending
1760,154,203,5,121.64,0,2025-02-28,UPI,Shipped
1761,180,386,5,256.23,15,2024-10-31,upi,Delivered
1762,136,228,2,60.78,5,2025-03-12,upi,Returned
1763,164,291,2,336.72,0,2024-12-22,Credit Card,Pending
1764,137,308,4,129.43,10%,2024-08-01,Cash,Shipped
1765,114,227,5,92.06,0%,2025-06-19,Credit Card,Returned
1766,166,260,1,448.06,5%,2024-09-07,Cash,Pending
1767,154,302,3,118.88,0,2024-09-25,CC,Delivered
1768,113,322,4,435.59,15,2025-04-18,creditcard,Shipped
1769,161,500,4,31.9,15,2024-11-10,creditcard,Delivered
1770,179,433,2,196.73,5,2024-10-16,Cash,Delivered
1771,181,384,3,105.09,5,2025-03-15,Credit Card,Shipped
1772,136,270,1,426.57,15,2025-07-04,Cash,Delivered
1773,198,376,2,443.77,10%,2025-07-04,creditcard,Delivered
1774,174,484,2,47.8,0%,2025-03-08,UPI,Returned
1775,128,443,4,143.19,5%,2025-05-16,Cash,Delivered
1776,132,368,4,291.84,10%,2024-08-12,creditcard,Shipped
1777,154,223,1,495.68,5%,2025-01-10,UPI,Shipped
1778,155,472,4,242.24,0%,2025-01-16,upi,Shipped
1779,158,454,2,46.13,0%,2025-01-24,Credit Card,Returned
1780,128,268,3,151.42,5%,2025-06-19,Credit Card,Shipped
1781,162,357,2,353.14,0%,2025-07-13,UPI,Shipped
1782,159,438,2,437.73,15,2024-09-25,creditcard,Pending
1783,181,438,1,430.89,0,2025-06-20,Cash,Pending
1784,168,217,3,215.82,10,2025-06-09,upi,Delivered
1785,999,242,5,441.02,5%,2025-04-13,Credit Card,Pending
1786,107,257,4,185.97,10%,2024-11-18,Credit Card,Pending
1787,147,290,5,353.91,10%,2025-07-06,upi,Delivered
1788,118,372,2,272.12,5%,2024-12-08,Cash,Delivered
1789,197,316,3,179.59,10,2025-07-12,UPI,Returned
1790,136,228,1,189.54,15,2025-07-20,Cash,Shipped
1791,161,473,5,450.23,15,2024-10-25,UPI,Pending
1792,187,234,2,446.49,15,2024-09-25,Credit Card,Shipped
1793,151,292,3,479.34,0,2025-05-12,Credit Card,Delivered
1794,136,258,2,250.68,0%,2025-03-08,creditcard,Shipped
1795,138,414,5,466.2,15,2025-01-12,CC,Returned
1796,157,211,3,98.59,0,2024-11-21,creditcard,Pending
1797,153,497,3,329.6,0%,2024-09-03,CC,Returned
1798,176,472,5,225.4,10,2024-12-09,UPI,Delivered
1799,140,288,3,117.26,10,2024-11-26,CC,Shipped
1800,119,381,3,230.68,5,2024-08-08,UPI,Delivered
1801,192,475,3,95.23,5,2024-11-20,upi,Delivered
1802,121,322,1,25.37,10,2025-05-15,UPI,Delivered
1803,157,334,3,96.33,10%,2025-04-08,upi,Shipped
1804,186,363,3,78.23,15,2024-11-08,UPI,Delivered
1805,169,355,1,460.61,15,2024-08-18,Cash,Delivered
1806,159,364,2,7.13,5%,2025-05-19,UPI,Pending
1807,183,352,4,448.51,0%,2025-04-29,UPI,Delivered
1808,173,427,3,346.13,5%,2025-05-07,Cash,Shipped
1809,118,483,1,157.5,15,2025-04-17,UPI,Delivered
1810,158,383,1,166.55,10%,2024-11-23,upi,Delivered
1811,175,470,2,391.74,0%,2024-10-29,CC,Delivered
1812,103,243,5,425.48,5%,2024-10-07,upi,Shipped
1813,166,402,2,247.78,10%,2025-05-10,UPI,Shipped
1814,186,385,4,78.23,0%,2025-03-20,Cash,Pending
1815,150,391,1,145.9,10,2024-12-13,CC,Returned
1816,172,245,2,365.29,15,2024-09-18,upi,Returned
1817,157,348,2,403.81,15,2024-10-03,upi,Returned
1818,118,888,5,47.61,5,2025-06-01,CC,Returned
1819,168,372,1,466.91,10%,2025-01-02,Cash,Shipped
1820,101,410,3,210.18,10%,2025-04-21,Cash,Delivered
1821,126,296,4,148.28,15,2025-01-04,Credit Card,Pending
1822,175,356,4,281.84,15,2024-09-15,creditcard,Shipped
1823,101,279,3,153.58,5%,2025-07-03,upi,Returned
1824,116,348,4,93.79,5%,2024-12-20,upi,Delivered
1825,104,262,3,249.06,0,2025-06-14,UPI,Pending
1826,175,447,5,220.85,10,2024-08-17,upi,Returned
1827,189,262,3,258.7,10%,2024-11-25,Credit Card,Pending
1828,121,498,1,77.34,15,2025-07-11,upi,Delivered
1829,146,284,1,139.97,15,2024-08-20,upi,Pending
1830,107,349,3,267.16,0,2025-03-25,UPI,Delivered
1831,199,294,1,301.39,5,2024-12-17,UPI,Pending
1832,141,355,3,344.29,5%,2025-05-24,CC,Shipped
1833,169,497,3,412.54,0,2024-09-20,creditcard,Pending
1834,148,449,4,173.45,5,2024-12-21,Credit Card,Delivered
1835,120,458,2,416.63,0%,2024-10-13,UPI,Shipped
1836,154,436,1,62.7,5,2025-04-11,Credit Card,Returned
1837,145,360,3,73.81,15,2024-12-03,UPI,Pending
1838,123,356,1,373.51,0,2025-07-22,creditcard,Delivered
1839,189,273,2,157.18,5,2024-10-16,creditcard,Shipped
1840,155,258,1,14.31,15,2024-07-27,Cash,Shipped
1841,126,256,1,397.56,10%,2025-06-25,UPI,Shipped
1842,161,261,3,26.42,10,2025-06-12,upi,Shipped
1843,197,250,1,460.45,5,2025-06-14,UPI,Delivered
1844,124,380,1,49.94,0%,2025-03-30,upi,Pending
1845,175,379,3,84.48,10%,2025-06-26,upi,Delivered
1846,165,492,1,54.06,10%,2024-12-14,Credit Card,Delivered
1847,192,299,3,90.03,0%,2024-12-14,UPI,Shipped
1848,193,251,2,460.64,0%,2025-02-01,upi,Returned
1849,147,295,4,338.4,0,2025-02-22,creditcard,Pending
1850,149,418,2,259.55,15,2025-03-15,Credit Card,Pending
1851,116,439,1,262.27,15,2024-10-09,CC,Pending
1852,172,221,1,167.42,0,2025-04-05,Cash,Pending
1853,159,360,4,116.81,15,2025-07-10,CC,Returned
1854,125,236,4,469.85,10,2024-08-17,creditcard,Shipped
1855,187,452,1,201.2,10%,2025-02-17,upi,Shipped
1856,116,274,4,203.31,10%,2025-06-23,Credit Card,Delivered
1857,109,387,2,172.62,10%,2024-12-11,Cash,Shipped
1858,130,418,4,142.87,5%,2024-08-27,UPI,Pending
1859,197,405,3,240.53,10%,2025-05-08,Cash,Returned
1860,166,343,2,385.16,0,2024-10-07,Credit Card,Pending
1861,163,455,2,316.04,5,2025-03-18,Credit Card,Shipped
1862,195,228,1,251.58,0,2025-03-22,creditcard,Returned
1863,178,368,2,154.86,10%,2025-05-02,Credit Card,Shipped
1864,185,467,4,397.4,5,2024-09-12,CC,Returned
1865,163,459,3,273.51,0%,2025-07-15,UPI,Shipped
1866,198,217,4,440.66,0,2025-01-02,Cash,Returned
1867,141,393,4,232.53,0,2025-01-09,creditcard,Pending
1868,191,285,4,218.19,10,2025-05-09,upi,Returned
1869,163,257,5,339.14,5%,2024-12-25,UPI,Returned
1870,161,488,2,255.81,15,2024-08-24,CC,Returned
1871,176,394,5,339.86,0%,2025-06-15,CC,Pending
1872,108,215,5,27.33,0%,2025-02-21,CC,Pending
1873,195,499,1,383.77,5%,2025-01-09,CC,Returned
1874,113,420,3,496.01,15,2024-12-09,CC,Shipped
1875,185,326,2,121.14,10,2025-07-22,UPI,Shipped
1876,189,234,3,61.66,5,2025-01-04,Credit Card,Pending
1877,105,436,4,286.18,15,2025-01-30,CC,Shipped
1878,190,441,5,16.01,10,2024-09-20,Cash,Returned
1879,142,494,1,405.12,0,2025-03-16,upi,Delivered
1880,144,455,5,406.67,5%,2024-09-14,CC,Delivered
1881,179,354,3,484.87,5,2025-01-13,Cash,Shipped
1882,169,310,3,136.25,10,2024-12-21,UPI,Returned
1883,129,248,5,51.89,10,2024-09-04,CC,Shipped
1884,173,472,4,216.42,10,2024-08-07,Credit Card,Pending
1885,165,354,4,333.41,10,2025-02-10,creditcard,Returned
1886,152,329,5,260.11,5%,2024-07-23,UPI,Delivered
1887,103,465,2,290.54,5,2024-12-28,upi,Returned
1888,135,473,5,427.12,15,2024-09-27,UPI,Shipped
1889,167,303,3,233.93,5,2025-07-13,creditcard,Pending
1890,156,411,3,430.79,0,2025-02-06,upi,Delivered
1891,153,337,3,324.79,10,2025-03-10,upi,Delivered
1892,152,323,1,79.23,0,2025-04-23,creditcard,Pending
1893,160,449,5,495.69,15,2025-06-25,upi,Shipped
1894,126,282,3,72.53,10,2024-09-03,CC,Delivered
1895,183,222,4,392.21,0,2025-05-11,Credit Card,Pending
1896,178,353,1,450.78,15,2025-06-17,CC,Shipped
1897,151,272,2,60.41,5%,2024-12-23,UPI,Shipped
1898,167,498,5,129.64,0,2025-05-25,creditcard,Shipped
1899,199,361,3,417.01,5%,2024-10-27,Cash,Delivered
1900,155,312,2,57.87,5,2025-05-04,CC,Returned
1901,153,331,5,32.68,10%,2024-12-01,CC,Shipped
1902,141,480,4,240.05,5,2024-08-31,CC,Delivered
1903,147,444,3,411.58,0,2025-07-08,upi,Shipped
1904,195,228,2,130.23,15,2024-12-24,CC,Pending
1905,188,263,5,434.14,0%,2024-10-18,Cash,Returned
1906,102,402,3,153.94,0%,2025-07-13,creditcard,Pending
1907,127,283,4,317.52,0%,2025-01-24,upi,Returned
1908,105,341,1,412.48,15,2025-02-26,Cash,Returned
1909,143,417,1,413.08,5%,2024-11-22,CC,Shipped
1910,146,416,5,365.97,10%,2025-05-15,upi,Pending
1911,159,215,1,322.48,5,2024-08-13,upi,Returned
1912,183,270,1,203.33,5%,2024-12-19,CC,Pending
1913,174,243,1,83.12,10%,2024-08-17,upi,Delivered
1914,177,411,3,228.49,0%,2024-10-17,upi,Delivered
1915,134,289,5,414.25,0%,2024-07-28,CC,Delivered
1916,111,413,3,95.04,15,2025-06-06,UPI,Delivered
1917,103,212,5,325.32,5%,2025-03-05,creditcard,Shipped
1918,160,302,3,352.12,5,2025-04-01,Credit Card,Returned
1919,180,420,5,133.78,0,2025-03-07,CC,Delivered
1920,173,261,1,360.7,15,2024-08-07,Cash,Returned
1921,116,315,2,99.32,0%,2025-03-30,CC,Pending
1922,196,454,4,69.45,0%,2025-06-18,creditcard,Delivered
1923,137,297,4,94.28,0%,2024-10-10,creditcard,Shipped
1924,138,335,2,310.75,5,2024-11-07,CC,Returned
1925,111,206,4,70.94,10,2024-12-13,upi,Returned
1926,188,309,4,355.68,5%,2025-02-09,UPI,Pending
1927,110,249,5,34.08,10,2025-01-02,creditcard,Returned
1928,146,224,1,130.56,10%,2025-05-09,Cash,Pending
1929,151,390,2,484.19,10%,2025-06-20,Credit Card,Delivered
1930,134,287,5,248.96,10,2024-08-04,Cash,Delivered
1931,112,363,5,219.3,10,2025-02-25,Credit Card,Pending
1932,106,266,4,436.48,0%,2025-05-09,CC,Pending
1933,156,345,3,308.4,0%,2024-09-11,CC,Pending
1934,156,285,3,369.75,15,2025-07-08,creditcard,Returned
1935,107,297,2,32.01,5,2025-01-07,Credit Card,Returned
1936,134,284,4,221.03,15,2025-02-25,Credit Card,Returned
1937,146,488,4,231.59,0,2025-05-12,upi,Delivered
1938,116,379,1,105.85,10,2024-10-07,creditcard,Delivered
1939,196,461,3,283.81,5%,2025-07-01,UPI,Delivered
1940,175,203,5,384.59,5,2024-11-16,Cash,Shipped
1941,132,456,1,444.25,0,2025-04-14,CC,Shipped
1942,151,392,5,464.93,0,2025-04-13,CC,Delivered
1943,104,242,4,416.2,5%,2024-10-14,Cash,Returned
1944,181,338,5,330.71,10,2025-02-24,Credit Card,Returned
1945,142,492,2,109.63,0,2025-06-23,upi,Pending
1946,142,229,1,275.84,10%,2025-01-17,Cash,Shipped
1947,152,331,2,123.84,0%,2025-06-14,Cash,Shipped
1948,103,307,2,197.31,15,2024-09-27,CC,Delivered
1949,116,353,4,401.54,5%,2024-12-04,CC,Delivered
1950,146,250,3,258.76,15,2024-09-30,Cash,Returned
1951,161,338,5,302.17,0,2024-10-31,Cash,Pending
1952,179,296,4,317.19,0,2024-12-17,Credit Card,Pending
1953,160,315,2,465.68,10%,2025-03-10,upi,Shipped
1954,138,440,4,44.2,0%,2025-01-02,Cash,Pending
1955,120,266,3,421.56,10%,2025-01-14,Cash,Pending
1956,173,225,5,42.88,0,2025-04-16,UPI,Shipped
1957,166,418,4,51.77,5%,2025-04-04,upi,Pending
1958,146,331,5,45.48,10%,2025-05-15,Credit Card,Shipped
1959,195,437,2,394.16,0%,2024-09-21,Cash,Shipped
1960,111,414,3,160.4,5%,2025-01-31,Cash,Returned
1961,180,336,3,483.53,0%,2024-09-04,creditcard,Delivered
1962,124,241,5,133.36,5%,2025-07-16,Credit Card,Returned
1963,169,210,1,200.49,0,2024-09-20,creditcard,Returned
1964,159,408,5,364.33,10,2025-02-05,UPI,Pending
1965,189,403,3,48.38,5,2025-02-26,Credit Card,Delivered
1966,115,209,2,430.21,5,2024-11-05,Cash,Delivered
1967,184,324,4,421.83,0%,2025-01-03,UPI,Delivered
1968,112,355,4,78.34,15,2024-12-11,Credit Card,Shipped
1969,122,279,4,482.11,15,2025-04-20,Credit Card,Returned
1970,175,325,2,150.94,0%,2024-11-23,Cash,Shipped
1971,143,205,1,317.05,5%,2024-11-06,Cash,Returned
1972,164,497,5,366.88,10,2024-11-02,Credit Card,Returned
1973,152,449,5,297.56,10%,2024-08-08,upi,Returned
1974,130,232,5,14.41,10%,2024-12-03,CC,Shipped
1975,135,414,4,62.89,10%,2024-10-06,upi,Pending
1976,158,424,1,84.86,5%,2025-04-04,creditcard,Returned
1977,145,425,2,256.28,10%,2025-05-10,upi,Pending
1978,178,440,2,442.17,5%,2025-01-28,upi,Returned
1979,154,385,4,400.88,0%,2025-03-18,creditcard,Delivered
1980,137,245,4,68.9,5,2024-12-01,creditcard,Returned
1981,113,413,4,155.31,5,2024-12-25,UPI,Shipped
1982,103,384,3,181.74,5,2025-03-29,creditcard,Shipped
1983,109,373,4,61.41,5,2025-06-28,Credit Card,Delivered
1984,163,333,3,393.52,0%,2024-11-17,Credit Card,Pending
1985,120,464,5,336.4,5%,2024-07-31,Credit Card,Returned
1986,159,257,1,391.92,10%,2025-02-27,Credit Card,Shipped
1987,165,254,2,316.81,0%,2024-09-13,creditcard,Pending
1988,121,350,4,382.17,15,2025-06-08,upi,Shipped
1989,120,387,3,410.48,0,2024-12-08,creditcard,Returned
1990,154,204,2,418.23,15,2025-07-15,CC,Pending
1991,165,288,1,136.68,5%,2024-09-15,Cash,Pending
1992,181,326,2,377.84,10%,2024-08-10,Cash,Delivered
1993,118,420,4,459.42,15,2025-03-14,UPI,Pending
1994,104,427,2,386.23,5%,2025-06-08,UPI,Shipped
1995,111,374,3,203.82,0%,2025-03-07,creditcard,Returned
1996,108,402,1,331.79,5%,2024-12-10,creditcard,Shipped
1997,181,467,3,212.56,5%,2025-03-18,upi,Pending
1998,193,361,3,8.91,10,2024-12-09,UPI,Delivered
1999,190,407,4,323.72,10%,2025-01-14,UPI,Returned
2000,190,377,4,388.82,10,2024-09-16,Credit Card,Shipped
